<?xml version="1.0" encoding="UTF-8"?>
<project-private xmlns="http://www.netbeans.org/ns/project-private/1">
    <editor-bookmarks xmlns="http://www.netbeans.org/ns/editor-bookmarks/2" lastBookmarkId="1">
        <file>
            <url>src/java/Modelo/EmpleadoDAO.java</url>
            <bookmark id="1">
                <name/>
                <line>17</line>
                <key/>
            </bookmark>
        </file>
    </editor-bookmarks>
    <open-files xmlns="http://www.netbeans.org/ns/projectui-open-files/2">
        <group>
            <file>file:/C:/Users/TopVargas/Documents/NetBeansProjects/FinalProyect/src/java/Modelo/PuntosAtencionDAO.java</file>
            <file>file:/C:/Users/TopVargas/Documents/NetBeansProjects/FinalProyect/web/Page.jsp</file>
            <file>file:/C:/Users/TopVargas/Documents/NetBeansProjects/FinalProyect/web/UsuariosPA.jsp</file>
            <file>file:/C:/Users/TopVargas/Documents/NetBeansProjects/FinalProyect/web/TiposQuejas.jsp</file>
            <file>file:/C:/Users/TopVargas/Documents/NetBeansProjects/FinalProyect/web/css/estilos.css</file>
            <file>file:/C:/Users/TopVargas/Documents/NetBeansProjects/FinalProyect/web/Ingreso.jsp</file>
            <file>file:/C:/Users/TopVargas/Documents/NetBeansProjects/FinalProyect/web/PuntosAtencion.jsp</file>
        </group>
    </open-files>
</project-private>
